SKU,PRICE
ADK-0001,"$3,889.00"
BLC-0001,$21.82
BPP-0001,"$2,134.66"
BQO-0001,"$1,982.82"
DDF-0001,"$1,834.68"
DPF-0001,"$2,438.32"
EUH-0001,"$1,527.33"
FRI-0001,$55.99
JDFJ-0001,$73.45
QJDF-0001,"$1,679.16"
VNBD-0001,"$1,830.99"
WINNB-0001,$100.56
XDF-0001,"$2,286.49"